Unnamed: 0,League,Team,Name,Age,Market Value,Matches Played,Minutes,Matches Started,Goals Scored,Goals Scored (Per90),Goal Involvement,Goal Involvement (Per90),Expected Goals (xG),Expected Goals (xG) (Per90),Non-Penalty xG (npxG),Goals Conceded,Clean Sheets,Tackles,Tackles (Per90),Interceptions,Interceptions (Per90),Clearances,Clearances (Per90),Shots Blocked,Shots Blocked (Per90),Dribbled Past,Dribbled Past (Per90),Penalties Given Away,Penalties Given Away (Per90),Ground Duels,Ground Duels (Per90),Ground Duels Won,Ground Duels Won (Per90),Aerial Duels Won,Aerial Duels Won (Per90),Assists,Assists (Per90),Expected Assists (xA),Expected Assists (xA) (Per90),Passes,Passes (Per90),Successful Passes,Successful Passes (Per90),Pass Completion Rate,Key Passes,Key Passes (Per90),Crosses,Crosses (Per90),Successful Crosses,Successful Crosses (Per90),Cross Completion Rate,Dribbles,Dribbles (Per90),Successful Dribbles,Successful Dribbles (Per90),Dribble Success Rate,Dispossesed,Dispossesed (Per90),Offsides,Offsides (Per90),Yellow Cards,Red Cards,Total Cards,Total Cards (Per90),Fouls Committed,Fouls Committed (Per90),Fouled Against,Fouled Against (Per90),Annual Salary,Shots Faced,Shots Faced (Per90),Shots Taken,Shots Taken (Per90),Shots On Target,Shots On Target (Per90),Shots Off Target,Shots Off Target (Per90),Shot Accuracy,Position,Tactical_Role,Ball Winning Midfielder_Score,Mezzala_Score,Performance_Score_Raw,Performance_Score,Rank
568,la-liga,FC Barcelona,Pedri,23,150000000.0,23,1635,18,2,0.11,9,0.5,2.75,0.15,2.75,17,8,44,2.42,20,1.1,18,0.99,2,0.11,25,1.37,0,0.0,191,10.5,119,6.54,9,0.49,7,0.39,9.18,0.5,1596,87.75,1455,79.99,0.9117,52,2.86,7,0.38,2,0.11,0.2857,42,2.31,29,1.59,0.6905,24,1.32,1,0.05,2,1,2,0.11,8,0.44,37,2.03,16000000.0,83,4.19,3,0.19,0,0.2,2,0.72,33.33,Central Midfield,Mezzala,75.0,87.02173913043478,74.73032040155074,74.73032040155074,1
176,premier-league,Newcastle United,Bruno Guimarães,28,75000000.0,28,2439,28,8,0.3,24,0.89,10.11,0.37,5.91,34,4,46,1.7,17,0.63,40,1.48,5,0.18,28,1.03,1,0.04,231,8.52,110,4.06,18,0.66,16,0.59,15.92,0.59,1601,59.08,1325,48.89,0.8276,102,3.76,131,4.83,40,1.48,0.3053,31,1.14,15,0.55,0.4839,26,0.96,4,0.15,3,0,3,0.11,20,0.74,33,1.22,22620000.0,67,3.19,23,0.38,0,0.06,18,0.12,33.33,Central Midfield,Mezzala,33.45652173913044,87.67391304347825,63.54668996263225,63.54668996263225,2
569,la-liga,FC Barcelona,Frenkie de Jong,28,45000000.0,20,1501,16,1,0.06,6,0.36,1.09,0.07,1.09,16,7,38,2.28,17,1.02,13,0.78,5,0.3,9,0.54,0,0.0,115,6.9,76,4.56,10,0.6,5,0.3,7.09,0.43,1398,83.82,1316,78.91,0.9413,32,1.92,5,0.3,3,0.18,0.6,9,0.54,6,0.36,0.6667000000000001,11,0.66,2,0.12,5,1,5,0.3,11,0.66,25,1.5,25200000.0,83,4.19,23,0.38,0,0.0,2,0.12,33.33,Central Midfield,Mezzala / Ball Winning Midfielder,61.32608695652173,63.28260869565218,56.81985203818667,56.81985203818667,3
699,la-liga,Real Betis Balompié,Pablo Fornals,30,8000000.0,31,2426,28,7,0.26,11,0.41,7.26,0.27,7.26,32,9,33,1.23,28,1.05,19,0.71,3,0.11,32,1.2,0,0.0,226,8.45,84,3.14,14,0.52,4,0.15,8.42,0.31,1487,55.58,1292,48.29,0.8689,73,2.73,125,4.67,34,1.27,0.272,37,1.38,17,0.64,0.4595,31,1.16,11,0.41,2,0,2,0.07,26,0.97,22,0.82,3900000.0,67,3.19,23,0.19,1,0.2,18,0.12,21.74,Central Midfield,Mezzala,33.391304347826086,83.71739130434783,50.495125371739434,50.495125371739434,4
959,la-liga,Elche CF,Aleix Febas,30,5000000.0,30,2655,30,2,0.07,5,0.17,2.83,0.1,2.83,40,7,65,2.2,23,0.78,20,0.68,4,0.14,22,0.75,0,0.0,336,11.39,210,7.12,7,0.24,3,0.1,5.35,0.18,1652,56.0,1485,50.34,0.8989,25,0.85,20,0.68,7,0.24,0.35,75,2.54,46,1.56,0.6133,38,1.29,1,0.03,7,0,7,0.24,26,0.88,94,3.19,1240000.0,85,3.19,23,0.38,0,0.0,2,0.38,33.33,Central Midfield,Ball Winning Midfielder,64.26086956521739,53.95652173913044,50.2518698133381,50.2518698133381,5
204,premier-league,Nottingham Forest,Elliot Anderson,23,60000000.0,32,2865,32,2,0.06,4,0.13,3.5,0.11,2.8,42,8,90,2.83,36,1.13,39,1.23,12,0.38,38,1.19,1,0.03,461,14.48,250,7.85,58,1.82,2,0.06,6.53,0.21,2023,63.55,1734,54.47,0.8571,51,1.6,161,5.06,46,1.45,0.2857,73,2.29,36,1.13,0.4932,51,1.6,2,0.06,6,0,6,0.19,48,1.51,69,2.17,3016000.0,83,4.19,3,0.38,1,0.2,2,0.12,21.74,Central Midfield,Ball Winning Midfielder,83.15217391304347,68.26086956521739,49.66217040354458,49.66217040354458,6
589,la-liga,Atlético de Madrid,Pablo Barrios,22,60000000.0,21,1580,19,1,0.06,3,0.17,2.09,0.12,2.09,13,9,28,1.6,24,1.37,13,0.74,2,0.11,11,0.63,1,0.06,173,9.86,94,5.36,16,0.91,2,0.11,3.38,0.19,992,56.54,883,50.33,0.8901,20,1.14,27,1.54,8,0.46,0.2963,52,2.96,29,1.65,0.5577000000000001,20,1.14,0,0.0,0,0,0,0.0,12,0.68,21,1.2,7812500.0,67,4.19,3,0.19,1,0.06,18,0.72,33.33,Central Midfield,Mezzala / Ball Winning Midfielder,57.21739130434782,62.19565217391304,48.96508307739293,48.96508307739293,7
833,la-liga,RCD Espanyol Barcelona,Edu Expósito,29,5000000.0,29,1980,25,1,0.05,7,0.32,3.36,0.15,3.36,30,8,39,1.77,18,0.82,22,1.0,3,0.14,18,0.82,0,0.0,207,9.41,109,4.95,15,0.68,6,0.27,7.5,0.34,799,36.32,616,28.0,0.7709999999999999,66,3.0,212,9.64,52,2.36,0.2453,29,1.32,22,1.0,0.7585999999999999,34,1.55,2,0.09,7,0,7,0.32,20,0.91,35,1.59,2350000.0,83,3.19,23,0.38,5,0.2,18,0.38,0.0,Central Midfield,Mezzala,47.78260869565217,83.28260869565217,47.191735677775696,47.191735677775696,8
541,la-liga,Real Madrid,Federico Valverde,27,120000000.0,29,2386,27,5,0.19,12,0.45,6.35,0.24,6.35,22,10,40,1.51,21,0.79,46,1.74,7,0.26,10,0.38,0,0.0,150,5.66,91,3.43,21,0.79,7,0.26,8.68,0.33,1621,61.14,1451,54.73,0.8951,42,1.58,29,1.09,8,0.3,0.2759,32,1.21,18,0.68,0.5625,7,0.26,1,0.04,4,1,5,0.19,16,0.6,12,0.45,20837500.0,83,3.4,23,0.92,1,0.06,2,0.72,33.33,Central Midfield,Mezzala,31.782608695652176,79.17391304347825,46.710788368806504,46.710788368806504,9
39,premier-league,Arsenal FC,Declan Rice,27,120000000.0,31,2675,30,4,0.13,9,0.3,5.21,0.18,5.21,19,15,58,1.95,28,0.94,67,2.25,11,0.37,11,0.37,0,0.0,198,6.66,122,4.1,45,1.51,5,0.17,9.05,0.3,1837,61.81,1617,54.4,0.8802,61,2.05,156,5.25,44,1.48,0.2821,28,0.94,13,0.44,0.4643,14,0.47,1,0.03,2,0,2,0.07,20,0.67,8,0.27,18096000.0,85,3.4,23,0.92,1,0.0,3,0.12,0.0,Central Midfield,Mezzala,49.869565217391305,74.0217391304348,46.16721312673428,46.16721312673428,10
593,la-liga,Atlético de Madrid,Koke,34,6000000.0,28,1770,19,2,0.1,4,0.2,2.03,0.1,2.03,20,12,41,2.08,17,0.86,22,1.12,2,0.1,21,1.07,0,0.0,148,7.52,73,3.71,13,0.66,2,0.1,5.58,0.28,1557,79.12,1434,72.87,0.921,29,1.47,29,1.47,8,0.41,0.2759,9,0.46,5,0.25,0.5556,18,0.91,0,0.0,5,0,5,0.25,19,0.97,15,0.76,6670000.0,83,4.19,3,0.19,5,0.0,18,0.72,0.0,Central Midfield,Mezzala,46.93478260869565,58.82608695652174,45.7701615131943,45.7701615131943,11
488,premier-league,Wolverhampton Wanderers,João Gomes,25,35000000.0,30,2386,27,1,0.04,2,0.08,1.9,0.07,1.9,43,4,87,3.28,30,1.13,36,1.36,6,0.23,34,1.28,0,0.0,361,13.62,184,6.94,23,0.87,1,0.04,3.36,0.13,1239,46.74,1068,40.28,0.862,14,0.53,27,1.02,9,0.34,0.3333,57,2.15,35,1.32,0.614,40,1.51,1,0.04,9,0,9,0.34,57,2.15,40,1.51,7917000.0,83,4.19,23,0.19,0,0.0,3,0.38,0.0,Central Midfield,Ball Winning Midfielder,83.97826086956522,38.52173913043478,45.251774424236935,45.251774424236935,12
672,la-liga,Real Sociedad,Carlos Soler,29,8000000.0,26,1791,20,4,0.2,7,0.35,4.97,0.25,4.97,24,3,29,1.46,12,0.6,25,1.26,9,0.45,12,0.6,0,0.0,129,6.48,65,3.27,9,0.45,3,0.15,5.08,0.26,913,45.88,803,40.35,0.8795000000000001,40,2.01,57,2.86,21,1.06,0.3684,15,0.75,11,0.55,0.7333,13,0.65,0,0.0,3,1,4,0.2,26,1.31,16,0.8,5200000.0,85,4.19,3,0.38,1,0.06,2,0.72,33.33,Central Midfield,Mezzala,24.80434782608696,77.04347826086956,44.94350899443358,44.94350899443358,13
906,la-liga,RCD Mallorca,Sergi Darder,32,3500000.0,31,2104,23,1,0.04,5,0.21,3.0,0.13,3.0,32,4,21,0.9,18,0.77,13,0.56,7,0.3,12,0.51,0,0.0,155,6.63,84,3.59,6,0.26,4,0.17,5.36,0.23,844,36.12,709,30.34,0.84,48,2.05,140,5.99,48,2.05,0.3429,57,2.44,32,1.37,0.5614,16,0.68,2,0.09,3,0,3,0.13,17,0.73,25,1.07,3375000.0,83,4.19,23,0.92,1,0.06,18,0.12,21.74,Central Midfield,Mezzala,24.32608695652174,76.08695652173914,43.448281676176755,43.448281676176755,14
361,premier-league,Everton FC,Kiernan Dewsbury-Hall,27,32000000.0,25,2103,24,7,0.3,10,0.43,6.72,0.29,6.72,26,8,42,1.8,10,0.43,26,1.11,3,0.13,10,0.43,1,0.04,222,9.51,118,5.05,14,0.6,3,0.13,4.45,0.19,826,35.37,689,29.5,0.8341,29,1.24,96,4.11,16,0.69,0.1667,39,1.67,23,0.98,0.5897,37,1.58,1,0.04,6,0,6,0.26,26,1.11,40,1.71,6786000.0,85,4.19,3,0.92,5,0.06,2,0.12,0.0,Central Midfield,Mezzala,39.30434782608696,70.67391304347827,41.73973801064625,41.73973801064625,15
71,premier-league,Chelsea FC,Enzo Fernández,25,90000000.0,30,2583,29,8,0.28,11,0.38,9.92,0.35,8.52,30,8,51,1.78,16,0.56,27,0.94,1,0.03,24,0.84,0,0.0,257,8.95,122,4.25,23,0.8,3,0.1,6.44,0.22,1657,57.74,1427,49.72,0.8612000000000001,52,1.81,65,2.26,11,0.38,0.1692,39,1.36,9,0.31,0.2307999999999999,34,1.18,2,0.07,8,0,8,0.28,30,1.05,39,1.36,13572000.0,67,3.4,23,0.19,5,0.06,3,0.38,0.0,Central Midfield,Mezzala,34.97826086956521,71.30434782608697,41.68191441213411,41.68191441213411,16
647,la-liga,Athletic Bilbao,Iñigo Ruiz de Galarreta,32,2500000.0,28,1836,25,1,0.05,2,0.1,1.55,0.08,1.55,28,4,49,2.4,16,0.78,16,0.78,4,0.2,20,0.98,0,0.0,245,12.0,132,6.47,22,1.08,1,0.05,3.13,0.15,1036,50.76,860,42.13,0.8301000000000001,22,1.08,45,2.2,11,0.54,0.2444,39,1.91,30,1.47,0.7692,22,1.08,0,0.0,10,0,10,0.49,46,2.25,33,1.62,1825000.0,67,3.4,3,0.92,5,0.2,3,0.12,21.74,Central Midfield,Ball Winning Midfielder,65.34782608695652,51.15217391304348,41.67845339127928,41.67845339127928,17
779,la-liga,Girona FC,Iván Martín,27,6000000.0,29,2100,24,0,0.0,1,0.04,0.86,0.04,0.86,24,6,53,2.27,14,0.6,25,1.07,4,0.17,11,0.47,0,0.0,218,9.34,120,5.14,18,0.77,1,0.04,3.25,0.14,1150,49.29,1022,43.8,0.8887,18,0.77,12,0.51,2,0.09,0.1667,37,1.59,22,0.94,0.5946,29,1.24,2,0.09,5,1,5,0.21,26,1.11,28,1.2,2875000.0,67,3.19,3,0.38,5,0.0,18,0.72,21.74,Central Midfield,Ball Winning Midfielder,53.28260869565218,37.869565217391305,41.43980491640685,41.43980491640685,18
726,la-liga,Celta de Vigo,Ilaix Moriba,23,10000000.0,30,1949,20,1,0.05,3,0.14,1.75,0.08,1.75,24,8,70,3.23,16,0.74,22,1.02,6,0.28,18,0.83,0,0.0,245,11.31,140,6.46,15,0.69,2,0.09,3.22,0.15,815,37.63,715,33.02,0.8773000000000001,15,0.69,2,0.09,0,0.0,0.0,24,1.11,10,0.46,0.4167,20,0.92,0,0.0,5,0,5,0.23,26,1.2,48,2.22,1700000.0,67,4.19,23,0.19,1,0.06,3,0.38,21.74,Central Midfield,Ball Winning Midfielder,70.63043478260869,35.369565217391305,40.34659416756525,40.34659416756525,19
984,la-liga,Deportivo Alavés,Carles Aleñá,28,3500000.0,31,1885,22,0,0.0,4,0.19,1.62,0.08,1.62,27,3,35,1.67,12,0.57,22,1.05,3,0.14,22,1.05,0,0.0,213,10.17,92,4.39,14,0.67,4,0.19,4.99,0.24,796,38.01,676,32.28,0.8492000000000001,33,1.58,108,5.16,30,1.43,0.2778,26,1.24,11,0.53,0.4231,32,1.53,0,0.0,4,0,4,0.19,36,1.72,33,1.58,1260000.0,85,4.19,23,0.38,5,0.0,3,0.38,21.74,Central Midfield,Mezzala,31.82608695652174,59.43478260869565,40.113638569101354,40.113638569101354,20
310,premier-league,Brighton & Hove Albion,Yasin Ayari,22,30000000.0,25,1813,19,3,0.15,6,0.3,4.52,0.22,4.52,18,7,47,2.33,23,1.14,23,1.14,5,0.25,24,1.19,0,0.0,196,9.72,94,4.66,8,0.4,3,0.15,3.89,0.19,910,45.15,782,38.8,0.8593000000000001,15,0.74,23,1.14,5,0.25,0.2173999999999999,42,2.08,17,0.84,0.4048,17,0.84,0,0.0,1,0,1,0.05,21,1.04,25,1.24,475280.0,83,4.19,3,0.38,0,0.06,3,0.12,33.33,Central Midfield,Ball Winning Midfielder,66.69565217391303,60.32608695652174,39.739575969891966,39.739575969891966,21
411,premier-league,Sunderland AFC,Enzo Le Fée,26,25000000.0,30,2396,27,4,0.15,8,0.3,4.07,0.15,1.27,30,9,70,2.63,27,1.01,32,1.2,12,0.45,29,1.09,0,0.0,268,10.07,122,4.58,17,0.64,4,0.15,5.51,0.21,889,33.39,724,27.2,0.8144,38,1.43,74,2.78,20,0.75,0.2703,34,1.28,11,0.41,0.3235,25,0.94,3,0.11,5,0,5,0.19,26,0.98,27,1.01,5655000.0,83,3.4,3,0.38,1,0.06,18,0.12,21.74,Central Midfield,Ball Winning Midfielder / Mezzala,66.06521739130436,61.23913043478261,37.0319184729178,37.0319184729178,22
727,la-liga,Celta de Vigo,Hugo Sotelo,22,7500000.0,28,1811,21,11,0.55,15,0.75,11.24,0.56,11.24,20,8,11,0.55,4,0.2,26,1.29,3,0.15,3,0.15,0,0.0,232,11.53,89,4.42,31,1.54,4,0.2,3.8,0.19,403,20.03,309,15.36,0.7667,21,1.04,7,0.35,1,0.05,0.1429,69,3.43,36,1.79,0.5217,25,1.24,11,0.55,0,0,0,0.0,35,1.74,12,0.6,15080000.0,85,3.19,3,0.92,0,0.2,3,0.38,0.0,Central Midfield,Mezzala,16.086956521739133,74.28260869565217,35.97612987098066,35.97612987098066,23
311,premier-league,Brighton & Hove Albion,Diego Gómez,23,25000000.0,29,2033,24,5,0.22,6,0.27,5.94,0.26,5.94,23,7,76,3.36,17,0.75,28,1.24,3,0.13,24,1.06,1,0.04,302,13.36,153,6.77,50,2.21,1,0.04,2.38,0.11,704,31.14,557,24.63,0.7912,21,0.93,22,0.97,6,0.27,0.2727,38,1.68,18,0.8,0.4736999999999999,25,1.11,1,0.04,9,0,9,0.4,47,2.08,10,0.44,1300000.0,85,3.19,3,0.38,5,0.0,18,0.72,0.0,Central Midfield,Ball Winning Midfielder,73.30434782608695,51.06521739130435,35.69171252968678,35.69171252968678,24
232,premier-league,Aston Villa,John McGinn,31,15000000.0,25,1824,24,4,0.2,6,0.3,4.15,0.2,4.15,23,7,26,1.28,12,0.59,13,0.64,5,0.25,13,0.64,0,0.0,199,9.82,90,4.44,8,0.39,2,0.1,3.26,0.16,629,31.05,521,25.72,0.8283,27,1.33,66,3.26,16,0.79,0.2423999999999999,30,1.48,13,0.64,0.4332999999999999,39,1.93,0,0.0,4,0,4,0.2,27,1.33,43,2.12,9048000.0,85,3.4,3,0.19,1,0.0,3,0.12,21.74,Central Midfield,Mezzala,27.67391304347825,60.19565217391305,35.67162709834839,35.67162709834839,25
99,premier-league,Liverpool FC,Alexis Mac Allister,27,80000000.0,31,2208,26,2,0.08,4,0.16,3.98,0.16,3.98,26,10,44,1.79,17,0.69,31,1.26,8,0.33,31,1.26,0,0.0,204,8.32,94,3.83,15,0.61,2,0.08,4.63,0.19,1160,47.28,1003,40.88,0.8647,26,1.06,19,0.77,9,0.37,0.4736999999999999,24,0.98,9,0.37,0.375,28,1.14,0,0.0,5,0,5,0.2,23,0.94,27,1.1,10857600.0,67,3.4,3,0.19,0,0.06,3,0.38,0.0,Central Midfield,Mezzala,37.13043478260869,53.434782608695656,35.13090811618723,35.13090811618723,26
1009,la-liga,Real Oviedo,Alberto Reina,28,2000000.0,30,1866,24,4,0.19,5,0.24,3.97,0.19,3.97,29,9,34,1.63,10,0.48,12,0.58,4,0.19,14,0.67,1,0.05,183,8.79,93,4.47,15,0.72,1,0.05,2.93,0.14,769,36.93,649,31.17,0.8440000000000001,27,1.3,34,1.63,12,0.58,0.3529,23,1.1,12,0.58,0.5217,20,0.96,2,0.1,6,1,6,0.29,28,1.34,34,1.63,1040000.0,67,3.19,3,0.92,5,0.2,2,0.12,0.0,Central Midfield,Mezzala,30.695652173913047,54.7608695652174,34.80999459240552,34.80999459240552,27
808,la-liga,Sevilla FC,Djibril Sow,29,7500000.0,27,1804,23,5,0.25,6,0.3,4.39,0.22,4.39,34,4,32,1.6,19,0.95,11,0.55,1,0.05,7,0.35,1,0.05,151,7.53,77,3.84,12,0.6,1,0.05,2.42,0.12,750,37.42,664,33.13,0.8853,19,0.95,22,1.1,10,0.5,0.4545,16,0.8,8,0.4,0.5,5,0.25,3,0.15,3,0,3,0.15,30,1.5,25,1.25,4170000.0,85,3.4,3,0.38,5,0.2,3,0.72,21.74,Central Midfield,Mezzala,39.52173913043478,45.3695652173913,34.39803496091536,34.39803496091536,28
617,la-liga,Villarreal CF,Santi Comesaña,29,8000000.0,29,2075,24,3,0.13,8,0.35,3.41,0.15,3.41,21,7,43,1.86,26,1.13,50,2.17,15,0.65,23,1.0,1,0.04,234,10.14,111,4.81,35,1.52,5,0.22,5.66,0.25,1015,44.0,834,36.16,0.8217,24,1.04,11,0.48,1,0.04,0.0909,20,0.87,11,0.48,0.55,25,1.08,1,0.04,6,1,7,0.3,37,1.6,22,0.95,2875000.0,83,4.19,3,0.92,1,0.2,3,0.38,0.0,Central Midfield,Mezzala / Ball Winning Midfielder,57.84782608695652,59.56521739130434,34.215856614781224,34.215856614781224,29
857,la-liga,Rayo Vallecano,Óscar Valentín,31,2200000.0,27,1739,21,1,0.05,1,0.05,1.64,0.08,1.64,14,8,57,2.95,21,1.09,45,2.33,9,0.47,27,1.4,0,0.0,197,10.2,103,5.33,24,1.24,0,0.0,1.8,0.09,747,38.66,662,34.26,0.8862000000000001,6,0.31,3,0.16,1,0.05,0.3333,10,0.52,5,0.26,0.5,7,0.36,0,0.0,4,1,5,0.26,23,1.19,18,0.93,2350000.0,67,4.19,23,0.19,1,0.06,2,0.12,33.33,Central Midfield,Ball Winning Midfielder,75.69565217391305,20.5,32.44763013647001,32.44763013647001,30
832,la-liga,RCD Espanyol Barcelona,Pol Lozano,26,6000000.0,28,1971,25,2,0.09,3,0.14,2.33,0.11,2.33,32,8,34,1.55,22,1.01,20,0.91,5,0.23,30,1.37,1,0.05,193,8.82,72,3.29,8,0.37,1,0.05,2.93,0.13,850,38.83,748,34.17,0.88,22,1.01,26,1.19,6,0.27,0.2307999999999999,10,0.46,4,0.18,0.4,15,0.69,0,0.0,8,0,8,0.37,57,2.6,26,1.19,1425000.0,67,3.4,3,0.19,0,0.06,3,0.38,0.0,Central Midfield,Ball Winning Midfielder / Mezzala,37.326086956521735,34.78260869565217,31.86178347410893,31.86178347410893,31
336,premier-league,Brentford FC,Mathias Jensen,30,12000000.0,30,1744,20,2,0.1,3,0.15,2.98,0.15,2.98,23,8,31,1.59,15,0.77,29,1.48,4,0.2,23,1.18,0,0.0,146,7.47,62,3.17,9,0.46,1,0.05,2.71,0.14,831,42.54,675,34.56,0.8123,26,1.33,95,4.86,29,1.48,0.3053,24,1.23,14,0.72,0.5832999999999999,16,0.82,2,0.1,3,0,3,0.15,15,0.77,10,0.51,3770000.0,67,3.19,3,0.19,0,0.2,2,0.72,33.33,Central Midfield,Mezzala,29.47826086956522,54.673913043478265,30.95734582924583,30.95734582924583,32
616,la-liga,Villarreal CF,Pape Gueye,27,40000000.0,25,1768,21,4,0.2,6,0.31,5.2,0.26,4.5,18,6,36,1.83,31,1.58,45,2.29,7,0.36,6,0.31,0,0.0,193,9.82,116,5.9,23,1.17,2,0.1,3.73,0.19,857,43.63,681,34.67,0.7946,23,1.17,14,0.71,5,0.25,0.3571,26,1.32,14,0.71,0.5385,14,0.71,2,0.1,7,0,7,0.36,33,1.68,45,2.29,3900000.0,85,3.4,3,0.92,5,0.0,2,0.38,0.0,Central Midfield,Ball Winning Midfielder / Mezzala,69.56521739130434,65.3695652173913,30.6571465513012,30.6571465513012,33
178,premier-league,Newcastle United,Joelinton,29,30000000.0,25,1777,21,2,0.1,3,0.15,3.23,0.16,3.23,21,6,37,1.87,28,1.42,39,1.98,3,0.15,17,0.86,0,0.0,257,13.02,131,6.63,56,2.84,1,0.05,2.51,0.13,758,38.39,627,31.76,0.8271999999999999,15,0.76,10,0.51,2,0.1,0.2,21,1.06,11,0.56,0.5238,25,1.27,1,0.05,9,0,9,0.46,39,1.98,28,1.42,11310000.0,85,4.19,23,0.38,1,0.0,18,0.72,0.0,Central Midfield,Ball Winning Midfielder,70.7608695652174,43.173913043478265,29.966953776266916,29.966953776266916,34
514,premier-league,Burnley FC,Josh Cullen,30,6000000.0,18,1519,18,3,0.18,5,0.3,2.18,0.13,2.18,27,3,33,1.95,24,1.42,33,1.95,11,0.65,11,0.65,1,0.06,120,7.11,67,3.97,16,0.95,2,0.12,3.39,0.2,858,50.8,722,42.75,0.8415,13,0.77,12,0.71,1,0.06,0.0833,6,0.36,2,0.12,0.3333,10,0.59,0,0.0,2,0,2,0.12,16,0.95,18,1.07,4147000.0,83,3.4,23,0.92,0,0.0,18,0.72,0.0,Central Midfield,Ball Winning Midfielder,58.630434782608695,43.47826086956522,29.247541118446374,29.247541118446374,35
410,premier-league,Sunderland AFC,Noah Sadiki,21,30000000.0,27,2387,27,0,0.0,0,0.0,1.13,0.04,1.13,30,8,39,1.47,30,1.13,38,1.43,10,0.38,14,0.53,0,0.0,176,6.64,93,3.51,8,0.3,0,0.0,2.89,0.11,886,33.41,752,28.35,0.8488,12,0.45,17,0.64,4,0.15,0.2353,33,1.24,21,0.79,0.6364,18,0.68,1,0.04,7,0,7,0.26,24,0.9,29,1.09,3016000.0,85,3.4,3,0.19,0,0.0,2,0.12,33.33,Central Midfield,Ball Winning Midfielder,40.54347826086956,27.60869565217392,27.211358790204912,27.211358790204912,36
643,la-liga,Athletic Bilbao,Mikel Jauregizar,22,35000000.0,30,2435,29,2,0.07,2,0.07,3.41,0.13,3.41,35,5,60,2.22,44,1.63,23,0.85,3,0.11,45,1.66,0,0.0,280,10.35,135,4.99,34,1.26,0,0.0,3.38,0.12,1178,43.54,962,35.56,0.8166,22,0.81,56,2.07,7,0.26,0.125,26,0.96,10,0.37,0.3846,23,0.85,0,0.0,3,0,3,0.11,38,1.4,31,1.15,2080000.0,85,3.4,3,0.19,0,0.2,18,0.12,33.33,Central Midfield,Ball Winning Midfielder,74.30434782608697,35.565217391304344,26.67617849300567,26.67617849300567,37
882,la-liga,CA Osasuna,Jon Moncayola,27,7000000.0,29,2451,28,0,0.0,4,0.15,1.1,0.04,1.1,32,7,44,1.62,23,0.84,43,1.58,4,0.15,38,1.4,0,0.0,175,6.43,76,2.79,14,0.51,4,0.15,5.72,0.21,1150,42.23,924,33.93,0.8035,32,1.18,109,4.0,23,0.84,0.211,17,0.62,9,0.33,0.5294,8,0.29,0,0.0,8,0,8,0.29,33,1.21,10,0.37,1825000.0,67,3.4,3,0.19,1,0.2,3,0.72,0.0,Central Midfield,Mezzala,31.82608695652174,44.99999999999999,25.813522317330033,25.813522317330033,38
855,la-liga,Rayo Vallecano,Pedro Díaz,27,3000000.0,28,2259,26,0,0.0,2,0.08,1.64,0.07,1.64,32,7,53,2.11,19,0.76,80,3.19,9,0.36,35,1.39,0,0.0,212,8.45,105,4.18,18,0.72,2,0.08,4.37,0.17,1183,47.13,871,34.7,0.7363,41,1.63,190,7.57,44,1.75,0.2316,29,1.16,13,0.52,0.4483,11,0.44,1,0.04,7,0,7,0.28,27,1.08,22,0.88,5049850.0,83,3.4,23,0.92,5,0.2,18,0.72,21.74,Central Midfield,Mezzala / Ball Winning Midfielder,46.8695652173913,49.32608695652174,23.22189040158894,23.22189040158894,39
337,premier-league,Brentford FC,Josh Dasilva,27,2000000.0,28,1580,16,1,0.06,1,0.06,1.66,0.09,1.66,29,4,38,2.16,25,1.42,34,1.94,9,0.51,19,1.08,1,0.06,162,9.23,78,4.44,24,1.37,0,0.0,1.45,0.08,579,32.98,446,25.41,0.7703,11,0.63,14,0.8,5,0.28,0.3571,13,0.74,6,0.34,0.4614999999999999,12,0.68,2,0.11,8,1,8,0.46,25,1.42,10,0.57,1508000.0,83,3.4,23,0.92,1,0.06,18,0.12,21.74,Central Midfield,Ball Winning Midfielder,65.10869565217392,24.32608695652174,18.412080758999416,18.412080758999416,40
515,premier-league,Burnley FC,Josh Laurent,30,2000000.0,28,1580,16,1,0.06,1,0.06,1.66,0.09,1.66,29,4,38,2.16,25,1.42,34,1.94,9,0.51,19,1.08,1,0.06,162,9.23,78,4.44,24,1.37,0,0.0,1.45,0.08,579,32.98,446,25.41,0.7703,11,0.63,14,0.8,5,0.28,0.3571,13,0.74,6,0.34,0.4614999999999999,12,0.68,2,0.11,8,1,8,0.46,25,1.42,10,0.57,1508000.0,85,3.19,3,0.92,5,0.0,3,0.38,33.33,Central Midfield,Ball Winning Midfielder,65.10869565217392,24.32608695652174,18.412080758999416,18.412080758999416,40
809,la-liga,Sevilla FC,Joan Jordán,31,2000000.0,25,2250,25,0,0.0,0,0.0,0.0,0.0,0.0,17,12,4,0.16,0,0.0,34,1.36,0,0.0,0,0.0,0,0.0,19,0.76,17,0.68,7,0.28,0,0.0,1.54,0.06,729,29.16,655,26.2,0.8985,0,0.0,0,0.0,0,0.0,0.0,1,0.04,1,0.04,1.0,1,0.04,0,0.0,1,0,1,0.04,0,0.0,4,0.16,7812500.0,85,3.4,3,0.38,1,0.06,18,0.38,33.33,Central Midfield,Mezzala / Ball Winning Midfielder,5.195652173913044,5.500000000000001,16.026188585487787,16.026188585487787,42
909,la-liga,RCD Mallorca,Jan Salas,20,500000.0,26,2340,26,0,0.0,0,0.0,0.0,0.0,0.0,24,10,0,0.0,0,0.0,19,0.73,0,0.0,2,0.08,0,0.0,10,0.38,7,0.27,4,0.15,0,0.0,1.21,0.05,767,29.5,567,21.81,0.7392,0,0.0,0,0.0,0,0.0,0.0,0,0.0,0,0.0,0.0,0,0.0,0,0.0,0,0,0,0.0,0,0.0,4,0.15,26037500.0,83,3.19,23,0.38,0,0.0,3,0.12,33.33,Central Midfield,Mezzala / Ball Winning Midfielder,3.5434782608695645,4.021739130434783,0.0,0.0,43
